prefixes_grade,trigger_type,chara_icon,comment
爛,,PC,「不、不可能！是誰趁我畫好的瞬間打暈我,拿爛圖偷換！」
爛,,SS,「剛剛可能作案的只有我、跟師父,你覺得我們有必要去偷你圖嗎?」
爛,,SF,「有可能喔。例如小徒弟你突然想要擦桌子,或者我想要擤鼻涕的時候。」
普,,PC,「今天有點失常,但也是人之常情,所謂中庸之道就是極道！」
普,,SS,「你的『中庸』應該睡夢中的中,平庸的庸吧？」
普,,SF,「論睡覺的話,小小徒弟確實是最強的喔。」
好,,PC,「這就是我該有的水準！信手捻來,閉著眼睛就畫出來！」
好,,SS,「正因為你沒有看沒有想才會畫出這麼好的圖,多虧我們鍛造室的筆很好。」
好,,SF,「是呀,那可是祖師爺留下來的毛毛筆喔,喔我不是說那是祖師爺的毛,應該不是吧。」
奇,,PC,「解開右手封印的我就是如此呼風喚雨,驚天動地！」
奇,,SS,「讓我開窗看看,現在太陽在西邊,所以現在是早上,還是現在太陽晚上才出來？」
奇,,SF,「不管什麼時間,我想都應該是去吃飯,洗洗睡了,醒來就會恢復正常了。」
奇,pp24,SF,「哎呀,小小徒弟居然作出這種無以名狀的東西,讓我仔細看看。你幹嘛後退,我要看的是你喔。」
奇,pp24,PC,「為什麼要看我？不是要看設計圖啊？我臉上有拓本啊？」
奇,pp24,SF,「我這輩子看過的劍可多了,但很少看到你畫出這麼好的東西,笑得這麼好看的時候。」
奇,pp25,SS,「欸？你居然……這線條與結構充滿靈動與想像力……過來我看看,是不是撞倒哪裡了？」
奇,pp25,PC,「才沒有！嘻嘻,就說沒有了你還到處檢查,很癢欸！」
奇,pp25,SS,「我只是擔心……對,我是得擔心你的身體健康,不然變嚴重了還是我照顧你。」
奇,pp26,DS,「我剛好過來附近辦事情,聽到你的歡呼聲。這是你畫的？……規矩方正,結構雅致合理儀。」
奇,pp26,PC,「怎樣,我是不是很天才？我不介意多誇誇我！」
奇,pp26,DS,「你就別為難我了,我不擅言詞。我很期待這把劍完成後的模樣,一定是曠世之作。」
奇‽,,PC,「挖喔！！！！！！！！！吾即＠＃＄％＠＃！！」
奇‽,,SS,「原來是腦子壞了才會成為完全相反的能人。」
奇‽,,SF,「小徒弟啊,師父覺得太詭異了,你等等請道人來驅邪吧。」